total,solve 1
h2,20110.56977
power,114.9528918
co2,98925.66179
ng,-86021.41863
fg,233.5834715
